<?xml version="1.0" encoding="UTF-8"?>
<?xml-stylesheet type="text/xsl" href="XML_to_HTML.xsl"?>
<TEI xmlns="http://www.tei-c.org/ns/1.0">
    <teiHeader>
        <fileDesc>
            <profileDesc>
                <particDesc>
                    <listPerson>
                        <person xml:id="DS" sameAs="http://viaf.org/viaf/107032638">
                            <persName xml:lang="en">Diana Spencer</persName>
                            <birth when="1961-07-01"/>
                            <death when="1997-08-31"/>
                            <roleName>Princess of Wales</roleName>
                        </person>
                        <person xml:id="AM" sameAs="http://viaf.org/viaf/22238479">
                            <persName xml:lang="en">Andrew Morton</persName>
                            <birth when="1953"/>
                            <roleName>Author</roleName>
                        </person>
                        <person xml:id="CS" sameAs="https://dbpedia.org/page/Charles_Spencer,_9th_Earl_Spencer">
                            <persName xml:lang="en">Charles Edward Maurice Spencer</persName>
                            <birth when="1964-05-20"/>
                            <roleName>Viscount Althorp</roleName>
                        </person>
                        <person xml:id="FSK" sameAs="https://dbpedia.org/page/Frances_Shand_Kydd">
                            <persName xml:lang="en">Frances Shand Kydd</persName>
                            <birth when="1936-01-20"/>
                            <death when="2004-06-03"/>
                        </person>
                        <person xml:id="EM" sameAs="https://dbpedia.org/page/Lady_Sarah_McCorquodale">
                            <persName xml:lang="en">Elizabeth Sarah Lavinia McCorquodale</persName>
                            <birth when="1955-03-19"/>
                            <roleName>Lady Sarah Spencer</roleName>
                        </person>
                        <person xml:id="CF" sameAs="https://dbpedia.org/page/Jane_Fellowes,_Baroness_Fellowes">
                            <persName xml:lang="en">Cynthia Jane Fellowes</persName>
                            <birth when="1957-02-11"/>
                            <roleName>Baroness Fellowes</roleName>
                        </person>
                        <listRelation type="personal">
                            <relation name="parent" active="#FSK" passive="#DS #CS #EM #CF"/>
                            <relation name="child" active="#DS #CS #EM #CF" passive="#FSK"/>
                            <relation name="sister" active="#DS" passive="#CS #EM #CF"/>
                            <relation name="brother" active="#CS" passive="#DS #EM #CF"/>
                            <relation name="sister" active="#EM" passive="#CF #CS #DS"/>
                            <relation name="sister" active="#CF" passive="#EM #CS #DS"/>
                        </listRelation>
                    </listPerson>
                </particDesc>
                <listPlace>
                    <place xml:id="wales" ref="https://www.geonames.org/2634895/wales.html">
                        <placeName>Wales</placeName>
                    </place>
                </listPlace>
            </profileDesc>
            <titleStmt>
                <title>Extract from Diana: Her True Story</title>
                <author>
                    <persName ref="#AM">Andrew Morton</persName>
                </author>
                <editor>
                    <persName>Alice Spadavecchia</persName>
                </editor>
            </titleStmt>
            <publicationStmt>
                <publisher>Self-published</publisher>
                <pubPlace>Bologna</pubPlace>
                <date when="2025">2025</date>
                <availability>
                    <p>Copyright ©Sebina NEXT</p>
                </availability>
                <respStmt>
                    <resp>Publication responsibility</resp>
                    <name>Alice Spadavecchia</name>
                </respStmt>
            </publicationStmt>
            <sourceDesc>
                <bibl>
                    <author>Andrew Morton</author>
                    <title type="chapter">Diana, Princess of <placeName ref="#wales">Wales</placeName> - In Her Own Words</title>. In 
                    <title type="main" lang="en" xml:id="BT">Diana: Her True Story</title>
                    <date when="2017">2017</date>
                    <publisher xml:id="publisher">Michael O'Mara Book</publisher>
                    <pubPlace xml:id="London" ref="https://dbpedia.org/page/London">London</pubPlace>
                </bibl>
            </sourceDesc>
        </fileDesc>
        <encodingDesc>
            <p>Faithful transcription of part of the childhood 
                extract of the Princess Diana biography.</p>
        </encodingDesc>
    </teiHeader>
    <text>
        <front>
            <div type="intro">
            <head type="main" rend="uppercase">DIANA, PRINCESS OF WALES</head>
            <head type="subtitle" rend="italic">In Her Own Words</head>
            <p type="note" resp="#publisher">Publisher’s note: The following words are selected from those given by <persName ref="#DS">Diana</persName>, Princess of Wales in 1991-2 to Andrew 
                Morton for publication in <persName ref="#DS">Diana</persName>, Her True Story. The words are
                all <persName ref="#DS">Diana</persName>’s except for those in parentheses.</p>
            </div>
        </front>
        <body>
            <div type="chapter">
                <h4 rend="bold">Childhood</h4>
                <p><add resp="#AM" place="intext">[My first memory]</add> is really the smell of the inside of my pram. It was plastic and the smell of the hood. Vivid memory. I was born at home not in hospital.</p>
                <p>The biggest disruption was when <persName ref="#FSK">Mummy</persName> decided to leg it. That’s the vivid memory we  have - the four of us. We all have our own interpretations of what should have happened and what did happen. 
                    People took sides. Various people didn’t speak to each other. For my <persName ref="#CS">brother</persName> and I it was a very wishy-washy and painful experience.</p>
                <p>Charles <add resp="#AM" place="intext">[her brother]</add> said to me the other day that he hadn’t realized how much the divorce had affected him until he got married and started having a life of his own.
                    But my other sisters - their growing up was done out of my sight. I saw them at holidays. I don’t remember it being a big thing.</p>
                <p>I idolized my <persName ref="#EM">eldest sister</persName> and I used to do all her washing when she came back from school. I packed her suitcase, ran her bath, made her bed - the whole lot. 
                    I did it all and i thought it was wonderful. I always looked after my brother really. My sisters were very independent.</p>
                <pb n="23"/>
            </div>
        </body>
    </text>
</TEI>